{
    "ID": "Turing",
    "iD": "Turing",
    "Name": "Turing",
    "name": "Turing",
    "AuthorName": "Fenix Alliance Inc.",
    "authorName": "Fenix Alliance Inc.",
    "authorUrl": "https://fenix-alliance.com",
    "AuthorUrl": "https://fenix-alliance.com",
    "Version": "0.0.1",
    "version": "0.0.1.1",
    "Tags": "0.0.1",
    "tags": "0.0.1",
    "Description": "Default theme for the Alliance Business Suite Portal.",
    "description": "Default theme for the Alliance Business Suite Portal."
}